,time,value
0,1483401600000, 19.030540
1,1483488000000, 19.050180
2,1483574400000, 19.048519
3,1483660800000, 19.058082
4,1483920000000, 19.086189
5,1484006400000, 19.068028
6,1484092800000, 19.072287
7,1484179200000, 19.046056
8,1484265600000, 19.013248
9,1484524800000, 19.014146
10,1484611200000, 19.033222
11,1484697600000, 19.041651
12,1484784000000, 19.052390
13,1484870400000, 19.02602
