,time,value
0,1483401600000, 19.030540
1,1483488000000, 19.050180
2,1483574400000, 19.04851
