,time,value
0,1483401600000, 19.030540
1,1483488000000, 19.050180
2,1483574400000, 19.048519
3,1483660800000, 19.058082
4,1483920000000, 19.086189
5,1484006400000, 19.06802
